ad,soyad,tc_no,abonelik_no,sayac_no,kayit_tarihi
Sadiye,Demir,14332181924,AB-000001,SYC-000001,2025-03-08
Andiç,Yıldırım,23389083860,AB-000002,,2025-03-01
Mihin,Dumanlı,50265423502,AB-000003,SYC-000003,2022-06-19
Cezayir,Kısakürek,25594078112,AB-000004,SYC-000004,2024-10-25
Boynak,Durmuş,59593103476,AB-000005,SYC-000005,2022-04-10
Nafii,Bilge,26475255332,AB-000006,SYC-000006,2023-11-13
Züheyla,İhsanoğlu,29283276414,AB-000007,SYC-000007,2026-05-02
Mevlüt,Tarhan,60305641308,AB-000008,SYC-000008,2026-06-03
İde,Hayrioğlu,47672423836,AB-000009,SYC-000009,2026-03-07
Remazan,Korutürk,79653287120,AB-000010,,2021-12-30
Durmuşali,Manço,36916697850,AB-000011,SYC-000011,2023-09-26
Hurşide,Bilge,11845146280,AB-000012,SYC-000012,2025-06-15
Abdurrahman,Gül,58281489342,AB-000013,,2022-11-23
Çakırca,İnönü,38809570134,AB-000014,SYC-000014,2024-09-06
Tanyolaç,Yüksel,13911718292,AB-000015,SYC-000015,2022-09-08
Seyyide,Güçlü,92489638324,AB-000016,SYC-000016,2024-03-31
Öztek,Ülker,67871331534,AB-000017,SYC-000017,2021-10-10
Muhiye,Durmuş,49301031078,AB-000018,SYC-000018,2024-05-28
Besin,Zorlu,44738299770,AB-000019,SYC-000019,2023-08-30
Bitül,Sezgin,73116566746,AB-000020,,2022-01-21
Tanses,Şensoy,20651333890,AB-000021,SYC-000021,2025-05-30
Fami,Şafak,34731781082,AB-000022,SYC-000022,2026-03-12
Akdora,Çorlu,42677360230,AB-000023,SYC-000023,2024-10-26
Abdulmenaf,Kısakürek,57468723484,AB-000024,SYC-000024,2023-06-13
Basım,Zengin,90500978862,AB-000025,SYC-000025,2022-12-08
Bariş,Zorlu,22191361982,AB-000026,SYC-000026,2023-09-09
Menfeat,Tevetoğlu,19169985424,AB-000027,SYC-000027,2023-05-02
Süner,Demirel,63462475120,AB-000028,SYC-000028,2021-09-03
Badegül,Mansız,21838425148,AB-000029,SYC-000029,2023-09-03
Zennun,Arslan,37849808412,AB-000030,SYC-000030,2022-06-23
Eryıldız,Eraslan,21824493564,AB-000031,SYC-000031,2023-04-30
Verde,Şener,58740164094,AB-000032,SYC-000032,2021-08-17
Türkalp,Öcalan,34278680176,AB-000033,SYC-000033,2022-03-27
Yekbun,Akçay,38059826258,AB-000034,SYC-000034,2021-12-13
Tarancı,Arsoy,15331586956,AB-000035,SYC-000035,2022-11-29
Necmettin,Bilge,32602563478,AB-000036,SYC-000036,2022-12-13
Zöhrehan,Sakarya,70733754310,AB-000037,SYC-000037,2023-06-29
Alcan,Ülker,46541458658,AB-000038,SYC-000038,2026-02-26
Törel,Akça,11429401934,AB-000039,SYC-000039,2025-04-17
Uğurkan,Gül,66981693402,AB-000040,SYC-000040,2021-12-21
Övün,Şafak,18835615962,AB-000041,SYC-000041,2024-04-07
Sirap,Akdeniz,24846564830,AB-000042,,2022-09-05
Kayrabay,Seven,72994680476,AB-000043,SYC-000043,2024-01-14
Mahir,Şafak,67773872142,AB-000044,SYC-000044,2024-01-04
Gökperi,Ülker,61343320002,AB-000045,SYC-000045,2023-09-05
Canan,Mansız,27693676398,AB-000046,SYC-000046,2022-11-07
Sevdinar,Sezer,11632870862,AB-000047,SYC-000047,2023-09-19
Eraycan,Ertaş,37889579860,AB-000048,SYC-000048,2025-03-23
Hayrünnisa,Dumanlı,37743487362,AB-000049,SYC-000049,2023-12-07
Anargül,Erdoğan,53455812216,AB-000050,SYC-000050,2023-07-25
Çıdal,Sezer,33166587672,AB-000051,SYC-000051,2022-02-15
Kırgız,Karadeniz,76909670576,AB-000052,SYC-000052,2024-02-19
Özalpsan,Akdeniz,78893734616,AB-000053,SYC-000053,2025-09-22
Alsoy,Kısakürek,66272980662,AB-000054,SYC-000054,2026-05-25
Simten,Yıldırım,26272046560,AB-000055,SYC-000055,2023-05-25
Ayşeana,Hayrioğlu,66464170802,AB-000056,SYC-000056,2022-01-14
Verim,Bilgin,20033092346,AB-000057,SYC-000057,2022-09-02
Burcuhan,Ülker,29374529900,AB-000058,SYC-000058,2022-07-27
Günşen,Hançer,29049663144,AB-000059,SYC-000059,2023-08-30
Deviner,Sezer,59190586542,AB-000060,SYC-000060,2022-03-08
Ferahdiba,Şensoy,60671657200,AB-000061,SYC-000061,2025-04-20
Hunalp,Gül,94987769470,AB-000062,SYC-000062,2024-05-03
Okanay,Karadeniz,24737996580,AB-000063,SYC-000063,2021-11-03
Emine.,Akdeniz,62735454916,AB-000064,SYC-000064,2023-12-12
Hüsnühâl,Yılmaz,93136783718,AB-000065,SYC-000065,2025-10-08
Aygönenç,Çetin,11436349540,AB-000066,SYC-000066,2025-08-15
Hurşide,Fırat,66855744476,AB-000067,SYC-000067,2023-07-23
Eral,Gül,45182337452,AB-000068,,2026-01-21
Nafile,Arslan,23435240834,AB-000069,SYC-000069,2022-09-03
Sarpkın,Türk,18427109428,AB-000070,SYC-000070,2025-08-03
Cevale,Dumanlı,62047116748,AB-000071,SYC-000071,2022-03-24
Melaha,Şener,12294131834,AB-000072,SYC-000072,2025-02-19
Neriban,Tevetoğlu,48677496450,AB-000073,SYC-000073,2026-06-07
Nurşan,Yorulmaz,23341232886,AB-000074,SYC-000074,2022-03-27
Gözel,Yılmaz,77974034416,AB-000075,SYC-000075,2025-06-16
Besin,Tarhan,44936183222,AB-000076,SYC-000076,2023-11-09
Fenni,Erdoğan,12499471704,AB-000077,SYC-000077,2024-03-07
Zilfa,Gülen,58877190690,AB-000078,SYC-000078,2024-05-03
Necva,Eraslan,11399049006,AB-000079,SYC-000079,2023-02-01
Bilkay,Fırat,84296717576,AB-000080,SYC-000080,2025-01-25
Türabi,Hayrioğlu,22567468000,AB-000081,SYC-000081,2025-06-19
Cansin,Hayrioğlu,55168087684,AB-000082,SYC-000082,2022-01-21
Karanbay,Fırat,69770348262,AB-000083,SYC-000083,2024-01-17
Altınçiçek,Akgündüz,81093248050,AB-000084,SYC-000084,2026-04-17
İbrahim,Çorlu,41712748408,AB-000085,SYC-000085,2025-02-16
Değer,Güçlü,47826398232,AB-000086,SYC-000086,2022-03-10
Savni,Öcalan,75840449944,AB-000087,SYC-000087,2025-10-05
Gencaslan,Dumanlı,97558867544,AB-000088,SYC-000088,2023-03-15
Zemzem,Yüksel,73605766268,AB-000089,SYC-000089,2025-10-22
Aru,Yaman,99517187052,AB-000090,,2022-10-27
İlbek,Bilge,31745961578,AB-000091,SYC-000091,2026-02-18
Çetinsu,Hayrioğlu,88091343152,AB-000092,SYC-000092,2025-04-15
Demirbüken,İnönü,27240050404,AB-000093,SYC-000093,2024-08-23
Çamok,Şafak,33869222184,AB-000094,SYC-000094,2024-11-06
Nurtaç,Tarhan,47923747452,AB-000095,SYC-000095,2021-09-04
Beray,Akçay,58217594652,AB-000096,SYC-000096,2023-09-22
Açılay,Akdeniz,53671369594,AB-000097,SYC-000097,2026-06-26
Sudi,Sezer,50640909744,AB-000098,SYC-000098,2024-01-12
Münif,Tevetoğlu,63394210424,AB-000099,SYC-000099,2025-05-06
Aran,Zengin,62145623278,AB-000100,SYC-000100,2026-03-08
Yücelen,Fırat,94247451770,AB-000101,,2022-03-27
Fatih,İnönü,46851604868,AB-000102,SYC-000102,2022-08-24
Ayşeana,Arsoy,59651370994,AB-000103,SYC-000103,2026-05-16
Turabi,Çamurcuoğlu,41746120072,AB-000104,SYC-000104,2024-03-08
Elgin,Demir,23826758696,AB-000105,SYC-000105,2026-08-04
Şahinder,Manço,71796405324,AB-000106,SYC-000106,2025-05-14
Atiyye,Akça,45158506486,AB-000107,SYC-000107,2023-03-18
Ercihan,Akça,81390053234,AB-000108,SYC-000108,2026-05-26
Kılıçbay,Erdoğan,93933529014,AB-000109,SYC-000109,2023-12-15
Ferzi,Yaman,94210205362,AB-000110,SYC-000110,2024-05-07
Akgöl,Akçay,50268117774,AB-000111,SYC-000111,2024-09-03
Gelengül,Zengin,27839084742,AB-000112,SYC-000112,2021-11-10
Bayman,Güçlü,76177115960,AB-000113,SYC-000113,2022-11-09
Behrem,Yaman,59985698436,AB-000114,SYC-000114,2025-06-15
Fehmiye,Tevetoğlu,71183673602,AB-000115,SYC-000115,2024-06-24
Ayyaruk,Gülen,71565452702,AB-000116,SYC-000116,2022-03-02
Cenan,Karadeniz,21615280960,AB-000117,SYC-000117,2026-05-16
Kerime,Şama,26560494578,AB-000118,SYC-000118,2022-06-23
Melikkan,Zorlu,42731585128,AB-000119,SYC-000119,2023-12-19
Maynur,Bilgin,78998094004,AB-000120,SYC-000120,2023-02-17
Sançar,Sezer,55502296116,AB-000121,SYC-000121,2022-10-20
Rengül,Yıldırım,28366752548,AB-000122,SYC-000122,2024-03-31
İmge,Hayrioğlu,20229014718,AB-000123,SYC-000123,2025-03-15
Dilşat,Tevetoğlu,86438156168,AB-000124,SYC-000124,2024-01-03
Ticen,Tarhan,88403690042,AB-000125,,2023-05-03
Taciddin,Akça,42445107692,AB-000126,SYC-000126,2023-02-02
Erkinel,Kısakürek,93885160662,AB-000127,,2021-10-03
Ballı,Çamurcuoğlu,25969664186,AB-000128,SYC-000128,2025-01-15
Aköz,Hayrioğlu,39751613634,AB-000129,SYC-000129,2025-01-01
Gülfeza,Çorlu,74535218162,AB-000130,SYC-000130,2026-02-09
Fidaye,Akar,65231243220,AB-000131,SYC-000131,2022-11-23
Sevcan,Erdoğan,37799799594,AB-000132,SYC-000132,2024-04-14
Gökay,Dumanlı,27744905828,AB-000133,SYC-000133,2022-03-24
Taygan,Ertaş,80054119996,AB-000134,SYC-000134,2025-11-28
Ökkaş,Ertaş,90793597818,AB-000135,SYC-000135,2022-11-17
Baytal,Dumanlı,25182037750,AB-000136,SYC-000136,2026-01-20
Güler,Mansız,35546659092,AB-000137,SYC-000137,2024-06-10
Behrem,Şama,28644925190,AB-000138,SYC-000138,2026-07-21
Siti,Manço,64629148628,AB-000139,SYC-000139,2024-05-22
Erik,Ülker,91685054266,AB-000140,SYC-000140,2023-06-02
Ushan,Akça,83322141880,AB-000141,SYC-000141,2026-03-10
Gülkadın,Türk,69296222930,AB-000142,SYC-000142,2023-01-02
İlper,Dumanlı,16537947350,AB-000143,SYC-000143,2026-02-20
Nezihi,Hançer,83597746896,AB-000144,SYC-000144,2026-01-30
Şabettin,Aksu,49240758166,AB-000145,SYC-000145,2025-12-25
Erenalp,Arslan,22478261394,AB-000146,SYC-000146,2025-06-07
Velitdin,İhsanoğlu,16068536184,AB-000147,SYC-000147,2024-10-13
Muhyettin,Yıldırım,61522047232,AB-000148,SYC-000148,2025-08-02
Ayhan,Mansız,11043289840,AB-000149,SYC-000149,2025-03-13
Dölensoy,Öcalan,53410369786,AB-000150,SYC-000150,2022-02-17
Dölensoy,Karadeniz,89808932478,AB-000151,SYC-000151,2025-03-31
Abdulkadir,Mansız,63962185178,AB-000152,SYC-000152,2026-01-26
Hansultan,Zorlu,98067065438,AB-000153,SYC-000153,2021-09-25
Yazganalp,Çetin,25319520568,AB-000154,SYC-000154,2026-03-29
Uluğbey,Alemdar,37722170414,AB-000155,SYC-000155,2023-04-24
Atılgan,Çetin,40548687462,AB-000156,SYC-000156,2021-11-27
Sedife,Akar,55054156630,AB-000157,SYC-000157,2025-05-03
Önel,Şama,37758416180,AB-000158,SYC-000158,2025-04-04
Nazıdil,Alemdar,38451154416,AB-000159,SYC-000159,2025-05-22
Nebiha,Demirel,72757059686,AB-000160,SYC-000160,2023-12-07
Sadiye,Çetin,11658202982,AB-000161,SYC-000161,2025-04-28
Arifcan,Yaman,23556909290,AB-000162,SYC-000162,2025-06-03
Ziyaettin,Arsoy,81928565420,AB-000163,SYC-000163,2023-09-20
Edgübay,Yıldırım,37868144720,AB-000164,SYC-000164,2023-06-03
Nilcan,Arslan,83121727124,AB-000165,SYC-000165,2024-04-24
Söyler,Ergül,28844225892,AB-000166,SYC-000166,2023-07-03
Eraycan,Akar,33705895718,AB-000167,SYC-000167,2026-04-15
Erksoy,Mansız,21467866954,AB-000168,SYC-000168,2022-03-23
Erensoy,Hayrioğlu,27785289222,AB-000169,SYC-000169,2022-09-10
Akise,Zorlu,11824225364,AB-000170,SYC-000170,2024-07-16
Gülbani,Akçay,51438424944,AB-000171,SYC-000171,2026-02-18
Cindoruk,Zorlu,39922995996,AB-000172,SYC-000172,2021-12-11
Alpsü,Çorlu,19439690720,AB-000173,SYC-000173,2026-03-28
Sezal,Şensoy,57364710250,AB-000174,SYC-000174,2025-05-02
İsak,Güçlü,83592555608,AB-000175,SYC-000175,2022-09-16
Zihni,Zorlu,91537147344,AB-000176,SYC-000176,2022-10-17
Dayar,Yorulmaz,56963259566,AB-000177,SYC-000177,2023-03-18
Gümüştekin,Soylu,97747016876,AB-000178,SYC-000178,2025-06-26
Nural,Bilir,60047974894,AB-000179,SYC-000179,2021-08-31
Doğanşah,Şafak,34565060964,AB-000180,SYC-000180,2026-05-17
Kete,Arsoy,94168784940,AB-000181,SYC-000181,2022-08-10
Erkan,Sakarya,75585239824,AB-000182,SYC-000182,2025-01-04
Evrim,Türk,10257872978,AB-000183,SYC-000183,2025-12-24
Fahrullah,Hayrioğlu,62694958852,AB-000184,SYC-000184,2026-02-14
Ecegül,Demirel,57055169480,AB-000185,SYC-000185,2021-10-27
Nafile,Güçlü,59930972802,AB-000186,SYC-000186,2024-10-30
Galip,Alemdar,40913075672,AB-000187,SYC-000187,2022-11-19
İlsu,Sezer,46897028352,AB-000188,SYC-000188,2026-05-14
Toğan,Ülker,88652785896,AB-000189,SYC-000189,2024-08-10
Teknaz,Öcalan,59733484328,AB-000190,SYC-000190,2024-02-16
Seyfullah,Demirel,47575844172,AB-000191,SYC-000191,2026-06-22
Temime,Duran,76524041560,AB-000192,SYC-000192,2025-05-11
Sevdinar,Eraslan,83384842190,AB-000193,SYC-000193,2026-08-03
Nihai,Yüksel,18330165726,AB-000194,SYC-000194,2022-06-14
Türcan,Öcalan,30826773444,AB-000195,SYC-000195,2024-04-29
Serezli,Şensoy,11938026246,AB-000196,SYC-000196,2021-11-26
Özlü,Çetin,82400499196,AB-000197,SYC-000197,2024-06-11
Seracettin,Ertaş,98728743132,AB-000198,SYC-000198,2024-05-29
Günkurt,Gül,84205493218,AB-000199,SYC-000199,2025-01-16
Şuayp,Zorlu,61612275392,AB-000200,SYC-000200,2021-08-27
Rasul,Kısakürek,47454990440,AB-000201,SYC-000201,2024-08-27
Yosma,Yüksel,11742684182,AB-000202,SYC-000202,2024-02-08
Yılma,Mansız,43272795694,AB-000203,SYC-000203,2026-04-08
Binay,İnönü,93391878570,AB-000204,SYC-000204,2022-04-05
Kumral,Demir,18839822540,AB-000205,SYC-000205,2026-01-08
Arziye,Demir,49718707238,AB-000206,SYC-000206,2025-12-17
İntihap,Ertaş,18740640370,AB-000207,SYC-000207,2026-07-07
Bican,Türk,75180170492,AB-000208,SYC-000208,2025-01-27
Ilgı,Öcalan,36567661842,AB-000209,SYC-000209,2022-09-23
Serfinaz,Bilge,61286823028,AB-000210,SYC-000210,2021-10-15
Sücaettin,Ertaş,96863375232,AB-000211,SYC-000211,2023-12-10
Karcan,İhsanoğlu,20690331116,AB-000212,SYC-000212,2021-11-18
Aycagül,Tevetoğlu,13067383078,AB-000213,SYC-000213,2022-10-15
Fatinur,Arslan,49599534244,AB-000214,SYC-000214,2026-01-11
Milay,Seven,54089268776,AB-000215,SYC-000215,2021-12-29
Uçbeyi,Akça,78566246262,AB-000216,SYC-000216,2026-03-04
Burcuhan,Yüksel,44270866850,AB-000217,SYC-000217,2026-02-07
Ertün,Kısakürek,44351751808,AB-000218,SYC-000218,2023-03-20
Ağakişi,Aslan,79901398332,AB-000219,SYC-000219,2025-09-03
Ledün,Bilge,64033173940,AB-000220,SYC-000220,2023-05-03
Özkutlu,Çamurcuoğlu,48546785456,AB-000221,SYC-000221,2023-10-27
Yelesen,Zorlu,87175355630,AB-000222,SYC-000222,2021-12-26
Kifaye,Bilge,42048996440,AB-000223,SYC-000223,2022-11-22
Kiyasi,Şama,46937854736,AB-000224,SYC-000224,2025-10-08
Basriye,Aksu,62287280858,AB-000225,SYC-000225,2021-11-19
Bilgütay,Akça,10623120320,AB-000226,SYC-000226,2025-11-24
Azade,Arsoy,19977008810,AB-000227,SYC-000227,2025-02-03
Akalan,Yıldırım,94840862102,AB-000228,SYC-000228,2022-06-01
Gülfeza,Manço,43984546126,AB-000229,SYC-000229,2024-10-08
Üsame,Ertaş,43410166690,AB-000230,SYC-000230,2026-04-19
Canfeza,Yorulmaz,12176591800,AB-000231,SYC-000231,2021-12-16
Mülâyim,Bilir,84014890284,AB-000232,SYC-000232,2024-04-09
Akgöl,Bilir,36142939670,AB-000233,SYC-000233,2026-03-12
Tükelalp,Kısakürek,31850163164,AB-000234,SYC-000234,2024-06-29
Nejdet,Öcalan,75047735840,AB-000235,SYC-000235,2024-10-15
Akay,Akçay,71943114246,AB-000236,SYC-000236,2024-10-29
Özlem,Çetin,36551104768,AB-000237,SYC-000237,2024-08-28
Sakip,Sakarya,31267888698,AB-000238,SYC-000238,2022-06-22
Alkor,Çorlu,68199560408,AB-000239,SYC-000239,2025-02-11
Örik,Öcalan,28398262268,AB-000240,SYC-000240,2023-11-19
Sıylıhan,Aslan,82126464744,AB-000241,SYC-000241,2022-04-01
Yetişal,Eraslan,47993712428,AB-000242,SYC-000242,2021-08-27
Özinal,Şama,75756924566,AB-000243,SYC-000243,2023-04-22
Ceyhun,Hayrioğlu,36547935642,AB-000244,SYC-000244,2023-12-24
Özdoğdu,Arsoy,29398280764,AB-000245,SYC-000245,2023-05-19
Altınçiçek,Sezgin,51672434204,AB-000246,SYC-000246,2025-03-12
Çağlasın,Erdoğan,89796886876,AB-000247,SYC-000247,2021-11-28
Yelesen,Sezer,99113529010,AB-000248,SYC-000248,2026-05-21
Saçı,Tarhan,75610143850,AB-000249,SYC-000249,2026-01-03
Işın,Zengin,47567982592,AB-000250,SYC-000250,2021-10-21
Değer,Sakarya,56112545762,AB-000251,SYC-000251,2023-05-10
Gülder,Güçlü,67177514020,AB-000252,SYC-000252,2022-07-29
Alanalp,Akdeniz,61238282552,AB-000253,SYC-000253,2026-05-11
Şide,Ertaş,46226609320,AB-000254,SYC-000254,2025-06-02
Müjde,Şafak,70334191828,AB-000255,SYC-000255,2023-03-09
Yücelen,Hayrioğlu,47147859634,AB-000256,SYC-000256,2024-12-07
Muarra,Demir,65792499180,AB-000257,SYC-000257,2022-09-26
Tecimer,Demir,44125286642,AB-000258,SYC-000258,2022-10-08
Mecide,Kısakürek,72782827496,AB-000259,SYC-000259,2022-10-15
Karakucak,Hayrioğlu,89050723688,AB-000260,SYC-000260,2026-05-16
Fehmiye,Şensoy,86767721914,AB-000261,SYC-000261,2021-11-09
Mihin,Arslan,14384279716,AB-000262,SYC-000262,2026-04-09
Firdevis,Demir,24858078394,AB-000263,SYC-000263,2025-03-18
Değmeer,Korutürk,44074517170,AB-000264,SYC-000264,2023-08-12
Lütfi,Sezgin,69629233022,AB-000265,SYC-000265,2026-06-12
Vâlâ,Duran,59825449488,AB-000266,SYC-000266,2025-12-21
Turcein,Alemdar,22604223258,AB-000267,SYC-000267,2024-05-02
Oktüremiş,İnönü,77294667110,AB-000268,SYC-000268,2022-05-22
Ümmet,Zorlu,55775901762,AB-000269,SYC-000269,2024-08-22
Başay,Çetin,96363745474,AB-000270,,2024-06-20
Havse,Durdu,39750017068,AB-000271,SYC-000271,2022-08-26
Gülel,Dumanlı,80632424122,AB-000272,SYC-000272,2024-08-29
Onat,Çorlu,62064361176,AB-000273,SYC-000273,2021-08-09
Mefarettin,Güçlü,22938700562,AB-000274,SYC-000274,2022-08-15
Şavki,Sezer,37136111508,AB-000275,SYC-000275,2024-09-20
Süha,Yaman,72218909222,AB-000276,SYC-000276,2025-05-04
Yadigar,Gül,42697311250,AB-000277,SYC-000277,2022-08-23
Musaffa,Gül,75652341306,AB-000278,SYC-000278,2026-04-21
Nazi,Tevetoğlu,50438983628,AB-000279,SYC-000279,2024-02-10
Seblâ,Yorulmaz,47613791840,AB-000280,SYC-000280,2021-09-12
Yetişal,İhsanoğlu,62696582734,AB-000281,SYC-000281,2022-03-20
Akkerman,Zengin,20430068418,AB-000282,SYC-000282,2025-11-09
İntihap,Şafak,71889241426,AB-000283,SYC-000283,2022-04-08
Fitnat,Çamurcuoğlu,42856914650,AB-000284,SYC-000284,2023-08-17
Barışcan,Yüksel,26179904222,AB-000285,SYC-000285,2022-08-12
Akar,Demirel,30275884210,AB-000286,SYC-000286,2024-10-04
Ergönül,Korutürk,51056481404,AB-000287,SYC-000287,2026-07-02
Piran,Erdoğan,87850792590,AB-000288,SYC-000288,2022-12-07
Oymak,Öcalan,29138000362,AB-000289,SYC-000289,2021-12-26
Birgül,Arsoy,72208635384,AB-000290,SYC-000290,2025-02-19
İlklima,Hayrioğlu,51951802304,AB-000291,,2025-12-25
Aydınbey,Gülen,27445187042,AB-000292,SYC-000292,2024-09-25
Koçak,Arslan,59375973884,AB-000293,SYC-000293,2023-09-06
Giz,Yılmaz,70385050648,AB-000294,SYC-000294,2024-03-18
Dincer,Bilir,93670241002,AB-000295,SYC-000295,2023-07-26
Gülbiye,Seven,67191826178,AB-000296,SYC-000296,2026-06-05
Bayzettin,Şafak,33445655702,AB-000297,SYC-000297,2023-11-28
Nas,Erdoğan,42912127772,AB-000298,,2024-04-07
Üstün,Demir,95374741178,AB-000299,SYC-000299,2022-12-08
Vecide,Hançer,13521356860,AB-000300,SYC-000300,2022-01-05
Tercan,Hançer,52067883188,AB-000301,SYC-000301,2025-07-11
Deviner,Sezgin,31003236592,AB-000302,SYC-000302,2022-04-24
Meveddet,Zengin,51013721550,AB-000303,SYC-000303,2022-08-21
Atilhan,Akça,80296670682,AB-000304,SYC-000304,2025-03-23
Hazrat,Ergül,42447209912,AB-000305,SYC-000305,2023-09-08
Sefer,Arslan,86870146246,AB-000306,SYC-000306,2025-02-28
Korugan,Şensoy,93806578736,AB-000307,SYC-000307,2024-07-09
Kâzime,Zorlu,66420593072,AB-000308,SYC-000308,2023-12-26
Basım,Sezgin,88593213380,AB-000309,SYC-000309,2023-11-12
Gülözge,Alemdar,13965223988,AB-000310,SYC-000310,2024-04-20
Zemzem,Ergül,15992937814,AB-000311,SYC-000311,2024-03-23
Hudavent,Soylu,11039308746,AB-000312,SYC-000312,2021-08-08
Tükelalp,Çamurcuoğlu,42525002954,AB-000313,SYC-000313,2022-10-20
Dölensoy,Akdeniz,95156915438,AB-000314,SYC-000314,2024-05-04
Esentürk,Aksu,77528953972,AB-000315,SYC-000315,2023-02-01
Çelem,Hançer,52209690216,AB-000316,SYC-000316,2024-04-20
Nihan,Bilgin,27251355246,AB-000317,SYC-000317,2022-05-08
Övün,Ülker,67043315492,AB-000318,SYC-000318,2022-07-07
İlklima,Yılmaz,16762676506,AB-000319,SYC-000319,2026-03-29
Çapkan,Sakarya,89327104004,AB-000320,SYC-000320,2024-04-22
Rasul,Akça,21526218120,AB-000321,SYC-000321,2024-06-20
Müret,Mansız,80629620148,AB-000322,SYC-000322,2024-05-30
Kılıçbay,Akar,78844431076,AB-000323,SYC-000323,2024-12-08
Mahigül,Durmuş,82050614994,AB-000324,SYC-000324,2025-09-06
Korugan,Sakarya,13241714698,AB-000325,,2025-08-08
Döner,Akçay,51862565244,AB-000326,SYC-000326,2025-05-21
Ayaydın,Eraslan,87434902186,AB-000327,SYC-000327,2022-04-29
Süheyda,Ergül,96938068694,AB-000328,SYC-000328,2026-02-24
Verde,Bilge,89374160862,AB-000329,SYC-000329,2026-06-15
Görsev,Sezgin,31722332070,AB-000330,SYC-000330,2025-03-13
Borataş,Tarhan,73294511620,AB-000331,SYC-000331,2026-04-30
Özlü,Durmuş,64870998652,AB-000332,SYC-000332,2022-07-21
İmren,Manço,39991191428,AB-000333,SYC-000333,2026-02-25
Uçan,Akgündüz,74679970278,AB-000334,SYC-000334,2023-12-09
Ümmet,Manço,70653074574,AB-000335,SYC-000335,2021-10-07
Uluman,Alemdar,54471324752,AB-000336,SYC-000336,2024-04-28
Sahir,Gül,79137367812,AB-000337,SYC-000337,2024-10-10
Barak,Zorlu,31486289078,AB-000338,SYC-000338,2023-01-27
Kaşif,Akgündüz,40307053484,AB-000339,SYC-000339,2024-09-23
Benek,Zorlu,71035797234,AB-000340,SYC-000340,2025-08-19
Miyesser,Durmuş,65241406042,AB-000341,SYC-000341,2022-12-25
Mahnaz,Öcalan,43334680012,AB-000342,SYC-000342,2025-08-17
Erseç,Şensoy,39034944646,AB-000343,,2024-10-18
Veis,Ertaş,53748969146,AB-000344,SYC-000344,2021-08-28
Fitnat,Ülker,68994417198,AB-000345,SYC-000345,2024-06-15
Saydam,Şener,64443283048,AB-000346,SYC-000346,2025-01-12
Sezen,Hayrioğlu,30744666040,AB-000347,SYC-000347,2026-07-22
Örfiye,Durdu,45387584262,AB-000348,SYC-000348,2026-05-06
Işıkay,Arslan,27248251360,AB-000349,SYC-000349,2024-08-13
Muhammet,Korutürk,56554947162,AB-000350,SYC-000350,2025-08-06
Bahaddin,Bilge,27381684650,AB-000351,SYC-000351,2022-01-20
Giz,Yaman,45697252134,AB-000352,SYC-000352,2025-09-28
Tümkurt,Şener,35007432936,AB-000353,SYC-000353,2022-12-11
Dürrüşehvar,Çetin,22966667622,AB-000354,SYC-000354,2021-08-20
Arıkol,Duran,45058300320,AB-000355,SYC-000355,2023-07-09
Yurtseven,Akgündüz,64216894280,AB-000356,SYC-000356,2022-02-24
Aydinç,Hançer,57898562516,AB-000357,SYC-000357,2025-10-06
Yekda,İnönü,42603323070,AB-000358,SYC-000358,2025-11-20
Hami,Demir,60648909080,AB-000359,SYC-000359,2022-07-07
Serfinaz,Karadeniz,10167618482,AB-000360,SYC-000360,2025-08-18
Züheyla,Manço,40461849916,AB-000361,SYC-000361,2022-10-06
Şabettin,Karadeniz,28914117362,AB-000362,SYC-000362,2023-04-18
Remazan,Karadeniz,93564208760,AB-000363,SYC-000363,2023-05-13
Vildane,İhsanoğlu,85300119782,AB-000364,SYC-000364,2022-11-12
Celilay,Öcalan,91143744722,AB-000365,SYC-000365,2022-01-08
Demiryürek,Alemdar,30455611094,AB-000366,SYC-000366,2021-09-05
Eyyüp,Ülker,35579415504,AB-000367,SYC-000367,2023-02-25
Efe,Gülen,77467621246,AB-000368,SYC-000368,2022-02-04
Gümüştekin,Sakarya,79797296590,AB-000369,,2021-11-03
Uyanser,Akgündüz,37716701440,AB-000370,SYC-000370,2024-04-08
Akar,Demirel,99935889156,AB-000371,SYC-000371,2025-04-11
Silanur,Gül,47562890090,AB-000372,SYC-000372,2022-12-06
Fehmiye,Akdeniz,87217535402,AB-000373,SYC-000373,2022-01-09
Ferhan,Bilgin,96631779750,AB-000374,SYC-000374,2022-05-06
Esengün,Dumanlı,61701660894,AB-000375,SYC-000375,2026-04-07
Abdiş,Alemdar,29948837516,AB-000376,SYC-000376,2024-09-07
Baki,Alemdar,47589975756,AB-000377,SYC-000377,2022-07-26
Dağistan,İnönü,40554885166,AB-000378,SYC-000378,2021-12-26
Gürarda,Soylu,36149331606,AB-000379,SYC-000379,2023-06-06
Ağbegim,Alemdar,45160917744,AB-000380,SYC-000380,2025-11-19
Eryıldız,Soylu,18086978298,AB-000381,SYC-000381,2026-07-08
Heyvetullah,Gül,31699586636,AB-000382,SYC-000382,2023-09-16
Sargın,Gülen,64722698464,AB-000383,SYC-000383,2026-04-03
Tekbay,Demirel,93339452244,AB-000384,SYC-000384,2025-11-18
Hamiyet,Sezer,61587996810,AB-000385,SYC-000385,2024-01-11
Şefi,Sezgin,18106200378,AB-000386,SYC-000386,2023-11-13
Gündüzalp,Arslan,52043805760,AB-000387,SYC-000387,2022-06-20
Nurey,Bilge,93863840630,AB-000388,SYC-000388,2024-11-22
İvecen,Çetin,68004397366,AB-000389,SYC-000389,2024-09-21
Mujde,Duran,43472122870,AB-000390,SYC-000390,2022-08-11
Çağlasın,Türk,74842294088,AB-000391,SYC-000391,2024-05-29
Berrin,Demirel,30259094710,AB-000392,SYC-000392,2026-06-20
Heva,Ergül,25832818210,AB-000393,SYC-000393,2025-02-18
Hanbiken,Duran,71533555442,AB-000394,SYC-000394,2023-06-15
Nurseda,Fırat,88015739900,AB-000395,,2023-09-02
Asım,Tarhan,66164840814,AB-000396,SYC-000396,2024-10-13
Goncafer,Sezgin,97704358148,AB-000397,SYC-000397,2022-05-31
Haciali,Öcalan,98013361348,AB-000398,SYC-000398,2026-03-03
Zülfüye,Akgündüz,71207501126,AB-000399,SYC-000399,2022-01-21
Hüryaşar,Çetin,58193466776,AB-000400,SYC-000400,2025-01-13
Akise,Hayrioğlu,16180919094,AB-000401,SYC-000401,2022-03-19
Yağın,İhsanoğlu,91449147616,AB-000402,SYC-000402,2024-12-15
Seçgül,Yıldırım,82832684214,AB-000403,SYC-000403,2024-02-18
Teybet,Akgündüz,60882100960,AB-000404,SYC-000404,2024-12-12
Günver,Durmuş,24353682294,AB-000405,SYC-000405,2023-02-28
Milay,Mansız,53129087858,AB-000406,SYC-000406,2022-03-21
Seçme,Ülker,24139755242,AB-000407,SYC-000407,2023-08-04
Demiryürek,Arslan,23577594956,AB-000408,SYC-000408,2022-11-22
Kâzime,Durdu,65620533628,AB-000409,SYC-000409,2023-12-13
Yelesen,Yaman,67775478168,AB-000410,SYC-000410,2023-02-03
Sebigül,Tevetoğlu,24283411094,AB-000411,SYC-000411,2025-11-28
Rebihat,Yıldırım,79308488704,AB-000412,SYC-000412,2022-11-10
Yücelen,Gülen,49427881632,AB-000413,SYC-000413,2024-09-09
Fadıla,Yılmaz,49282722972,AB-000414,SYC-000414,2026-05-29
Seyhan,Bilge,37503731414,AB-000415,SYC-000415,2024-09-26
Nasuf,Türk,48567700568,AB-000416,,2022-06-22
Âlemşah,Fırat,54989266582,AB-000417,SYC-000417,2026-08-05
Serfinaz,Akçay,28463865530,AB-000418,SYC-000418,2025-09-26
Deryanur,Akgündüz,18272318440,AB-000419,SYC-000419,2023-05-25
Ginyas,Akçay,35913651766,AB-000420,SYC-000420,2025-09-01
Ceyhun,Bilir,36030299282,AB-000421,SYC-000421,2022-09-28
Rahiye,Zorlu,19202428604,AB-000422,SYC-000422,2026-05-23
Rıfkıye,Yıldırım,51379772326,AB-000423,SYC-000423,2025-02-02
Nazi,Manço,39842579962,AB-000424,SYC-000424,2022-03-07
Mülâyim,Kısakürek,72103886218,AB-000425,SYC-000425,2022-06-01
Hürdoğan,Güçlü,18811729850,AB-000426,SYC-000426,2021-08-09
Tomurcuk,Şensoy,78650863788,AB-000427,SYC-000427,2024-11-02
Vezat,Zengin,26247314908,AB-000428,,2026-03-22
İdiris,Eraslan,40098180628,AB-000429,SYC-000429,2023-05-06
Vezrife,Sezgin,66512694458,AB-000430,SYC-000430,2026-02-26
Şekim,Durdu,69463688774,AB-000431,SYC-000431,2023-02-12
Zihni,Durmuş,97449562152,AB-000432,SYC-000432,2023-07-20
Aycagül,Çetin,31386589070,AB-000433,SYC-000433,2022-12-18
Över,Şener,11279611446,AB-000434,SYC-000434,2023-06-26
Ziyaettin,Çorlu,16698490238,AB-000435,SYC-000435,2025-10-19
Amre,Yılmaz,48430988352,AB-000436,SYC-000436,2023-01-14
Tanyu,Türk,63021465692,AB-000437,SYC-000437,2025-01-16
Misra,Akar,90118489538,AB-000438,SYC-000438,2024-07-20
Saydam,Bilgin,47690426840,AB-000439,SYC-000439,2022-07-02
Kader,Erdoğan,94518489402,AB-000440,SYC-000440,2025-05-12
Çağlasın,Durdu,83577907118,AB-000441,SYC-000441,2023-10-16
Bengibay,Kısakürek,43565880458,AB-000442,SYC-000442,2023-09-16
Sevdi,Çorlu,75182755314,AB-000443,SYC-000443,2026-06-23
Sahir,Akçay,47333433358,AB-000444,SYC-000444,2023-09-20
Nurseda,Ergül,31117908088,AB-000445,SYC-000445,2025-09-12
Zoral,Mansız,67947284658,AB-000446,SYC-000446,2023-06-27
Melaha,Yaman,18678085632,AB-000447,SYC-000447,2023-01-31
Ağbegim,Demir,97500369188,AB-000448,SYC-000448,2024-05-13
Yigit,Mansız,52843479574,AB-000449,SYC-000449,2024-09-15
Kamar,Soylu,73655647272,AB-000450,SYC-000450,2026-06-16
Eroğul,Durdu,41438663252,AB-000451,SYC-000451,2022-11-13
Bitül,Sezgin,12672885762,AB-000452,SYC-000452,2024-02-24
Ongay,Durmuş,16120347116,AB-000453,SYC-000453,2025-06-03
Tüzeer,Eraslan,65884506192,AB-000454,SYC-000454,2024-07-31
Turcein,Tevetoğlu,49982455804,AB-000455,SYC-000455,2025-09-28
Şüküfe,Dumanlı,26947225658,AB-000456,SYC-000456,2026-06-17
Ünsever,Akdeniz,21253554478,AB-000457,SYC-000457,2024-12-16
Salurbay,Akgündüz,85987622018,AB-000458,SYC-000458,2022-08-29
Şahıgül,Yüksel,51326111796,AB-000459,SYC-000459,2026-04-05
Bahittin,Yıldırım,78114921610,AB-000460,SYC-000460,2024-03-24
Mükramin,Yüksel,57228200590,AB-000461,SYC-000461,2024-05-12
Cannur,Ertaş,94872829920,AB-000462,SYC-000462,2025-06-24
Rayla,Korutürk,78845783112,AB-000463,SYC-000463,2025-05-09
Tanır,Arsoy,74240082546,AB-000464,SYC-000464,2024-01-13
Bidayet,Duran,17740649390,AB-000465,SYC-000465,2021-08-28
Hayrünnisa,Arsoy,46866326618,AB-000466,SYC-000466,2023-06-22
Remazan,Çorlu,73894484614,AB-000467,SYC-000467,2023-03-13
Beren,Akçay,34179749712,AB-000468,SYC-000468,2023-03-12
Tiğin,Yıldırım,30802144282,AB-000469,SYC-000469,2025-04-29
Şahnuray,Yılmaz,41207356446,AB-000470,SYC-000470,2025-11-01
Zoral,Ertaş,15120461808,AB-000471,SYC-000471,2025-08-05
Işıman,Akar,56013673090,AB-000472,SYC-000472,2023-04-16
Basriye,Korutürk,28376452018,AB-000473,SYC-000473,2026-04-09
Güldam,Demir,57435031390,AB-000474,SYC-000474,2025-04-15
Toy,Yılmaz,34916300916,AB-000475,SYC-000475,2025-08-21
Vildane,Tevetoğlu,35132719506,AB-000476,SYC-000476,2022-02-08
Baydu,Ergül,38127358568,AB-000477,SYC-000477,2025-04-30
Şeref,Akar,16524077800,AB-000478,SYC-000478,2024-02-07
Hamiyet,Sezer,83928557412,AB-000479,SYC-000479,2026-04-24
Günden,Erdoğan,92744857040,AB-000480,SYC-000480,2025-11-24
Çelikyürek,Gül,30959351892,AB-000481,SYC-000481,2024-11-21
Kasim,Fırat,88294565108,AB-000482,,2022-06-01
Gülev,Ülker,20220317344,AB-000483,SYC-000483,2022-06-08
Andiç,Durdu,77899405346,AB-000484,SYC-000484,2022-03-14
Akatay,İhsanoğlu,47170586514,AB-000485,SYC-000485,2022-02-03
Nurhayet,Aslan,90141381120,AB-000486,SYC-000486,2023-07-24
Gülsü,Kısakürek,43839288690,AB-000487,SYC-000487,2022-06-29
Sabır,Durdu,67612286840,AB-000488,SYC-000488,2024-06-19
Sevican,Aksu,99755855676,AB-000489,SYC-000489,2025-04-04
Şadıman,Hayrioğlu,49836845782,AB-000490,SYC-000490,2025-05-27
Özlü,Yılmaz,14908240468,AB-000491,SYC-000491,2023-06-26
Mehmetzahir,Akdeniz,60488899282,AB-000492,SYC-000492,2022-05-25
Arıkol,Ertaş,62245933420,AB-000493,SYC-000493,2024-02-25
Cevheri,Durdu,79315727988,AB-000494,,2022-05-29
Müğber,Şensoy,50961055618,AB-000495,SYC-000495,2025-02-20
Ensari,Bilge,49060480506,AB-000496,SYC-000496,2026-03-10
Kutgün,Manço,68320679900,AB-000497,SYC-000497,2025-11-21
Celilay,Bilgin,74622517970,AB-000498,SYC-000498,2022-01-06
Hayrünnisa,Gülen,51686227816,AB-000499,SYC-000499,2023-04-13
Dursadiye,Gülen,48983314684,AB-000500,SYC-000500,2024-05-06
